subject_heading,book_entry
ENGLISH,"1. Thomson AJ, Martinet AV. Practical english grammar. 3rd Ed. Oxford University Press;"
ENGLISH,"2. Kirszner LG, Mandell SR. Patterns of College Writing: A Rhetorical Reader and Guide."
ENGLISH,3. Maley A. Oxford supplementary skills: 1st Ed. Writing Intermediate. Cornelsen & Oxford
ENGLISH,4. Langan J. Reading and Study Skills. 9th Ed. McGraw Hill Humanities; 2009.
ENGLISH,5. Nolasco R. Speaking: Elementary: Oxford Supplementary Skills. 4th Ed. Oxford University
ENGLISH,"6. Tomlinson B, Ellis R. Reading Advanced. Oxford Supplementary Skills. 3rd Ed. Oxford"
ENGLISH,7. Langan J. College Writing Skills with Readings. 8th Ed. McGraw Hill; 2010.
ENGLISH,8. Gilbert MD. English for Pharmacy writing and oral communication. 1st Ed. Lippincott
ENGLISH,"9. Neulib J, Cain KS, Ruffus S, Scharton M. The Mercury Reader: A custom publication. 4th"
ENGLISH,10. White R. Advanced: Oxford Supplementary Skills. 3rd Ed. Oxford University Press; 1992.
ENGLISH,11. Wong L. Essential Study Skills. 7th Ed. Wadsworth Publishing; 2011.
PHYSICAL PHARMACY,"1. Allen LV, Popovich NG. Ansel's pharmaceutical dosage forms and drug delivery"
PHYSICAL PHARMACY,"2. Attwood D, Flocence AT. Surfactant Systems: Their Chemistry, Pharmacy and Biology. 1st"
PHYSICAL PHARMACY,3. Aulton ME. Aulton's pharmaceutics: the design and manufacture of medicines.
PHYSICAL PHARMACY,4. Britain MD. British national formulary. 54th Ed. British Medical Association; 2001.
PHYSICAL PHARMACY,5. Carstensen JT. Pharmaceutics of solids and solid dosage forms. 1st Ed. Wiley; 1977.
PHYSICAL PHARMACY,"6. Connors KA, Mecozzi S. Thermodynamics of pharmaceutical systems: An introduction to"
PHYSICAL PHARMACY,"7. Cooper JW, Gunn C, Carter SJ. Cooper and Gunn’s Tutorial Pharmacy. 6th Ed. New"
PHYSICAL PHARMACY,8. Davis H. Bentley’s Text Book of Pharmaceutics. 2nd Ed. Tindall and Cox Publishers;
PHYSICAL PHARMACY,9. Finlay WH. The mechanics of Inhaled pharmaceutical aerosols: An introduction. 1st Ed.
PHYSICAL PHARMACY,"10. Florence AT, Attwood D. Physicochemical Principles of Pharmacy. 5th Ed. Pharmaceutical"
PHYSICAL PHARMACY,"11. Florence AT, Siepmann J. Moderen Pharmaceutics: Basic Principles and Systems: (Drugs"
PHYSICAL PHARMACY,"12. Ganderton D, Jones T, McGinity J. Advances in Pharmaceutical Sciences. 1st Ed."
PHYSICAL PHARMACY,"13. Ghosh TK, Jasti BR. Theory and practice of contemporary pharmaceutics. 1st Ed. CRC"
PHYSICAL PHARMACY,"14. Kleemann A, Engel J, Kutscher B, Reichert D. Pharmaceutical substances: Syntheses,"
PHYSICAL PHARMACY,"15. Lewis GA, Mathieu D, Phan RTL. Pharmaceutical experimental design: (Drugs & the"
PHYSICAL PHARMACY,16. Lund W. The pharmaceutical Codex: Principles and practice of pharmaceutics. 16th Ed. Co
PHYSICAL PHARMACY,"17. Rienger M, Scott-Blair GW. Rheology. 3rd Ed. Academic Press; 1990."
PHYSICAL PHARMACY,"18. Rowe RC, Sheskey PJ, Quinn ME. Handbook of pharmaceutical excipients. 6th Ed."
PHYSICAL PHARMACY,"19. Sinko PJ, Martin AN. Martin's physical pharmacy and pharmaceutical sciences:"
PHYSICAL PHARMACY,20. Sinko PJ. Martin's Physical Pharmacy and Pharmaceutical Sciences. 6th Ed. Lippincott
PHYSICAL PHARMACY,"21. Winfield AJ, Richards RME. Pharmaceutical practice. Elsevier Health Sciences; 2004."
PHYSICAL PHARMACY,22. Zinc G. Remington: The Science and Practice of Pharmacy. Philadelphia College of
PHARMACEUTICAL CHEMISTRY (ORGANIC),1. Bansel RK. Organic Reaction Mechanism. 3rd Ed. Tata McGraw Hill; 1992.
PHARMACEUTICAL CHEMISTRY (ORGANIC),2. Bhal BS. Textbook of Organic Chemistry. 16th Ed. S. Chand & Co; 2007.
PHARMACEUTICAL CHEMISTRY (ORGANIC),"3. Block JH, Beale JM. Wilson and Gisvold's textbook of organic medicinal and"
PHARMACEUTICAL CHEMISTRY (ORGANIC),"4. Eliel EL, Wilen SH. Stereochemistry of Carbon Compounds. 1st Ed. Tata McGraw Hill;"
PHARMACEUTICAL CHEMISTRY (ORGANIC),5. Finar IL. Organic Chemistry. 6th Ed. Person Education Asia; 2001.
PHARMACEUTICAL CHEMISTRY (ORGANIC),"6. Roberts JD, Caserio MC. Basic Principles of organic Chemistry. 3rd Ed. Addison Wesley;"
PHARMACEUTICAL CHEMISTRY (ORGANIC),7. Sykes P. Guide Book to Mechanism in Organic Chemistry. 6th Ed. Longman Co;
PHARMACEUTICAL CHEMISTRY (ORGANIC),8. Wade LG. Organic Chemistry. 7th Ed. Prentice Hall; 2010.
PHARMACEUTICAL CHEMISTRY (BIOCHEMISTRY),"1. Berg JM, Tymoczko JL, Stryer L. Biochemistry. 7th Ed. WH Freeman and Company; 2010."
PHARMACEUTICAL CHEMISTRY (BIOCHEMISTRY),"2. Bishop ML, Fody EP, Schoeff LE. Clinical Chemistry: Techniques, Principles and"
PHARMACEUTICAL CHEMISTRY (BIOCHEMISTRY),"3. Champe PC, Harvey RA. Illustrated Biochemistry. 4th Ed. Lippincot Company; 2007."
PHARMACEUTICAL CHEMISTRY (BIOCHEMISTRY),4. Chaterjee MN. Medical Biochemistry. 7th Ed. Jaypee Brothers Medical Publishers; 2007.
PHARMACEUTICAL CHEMISTRY (BIOCHEMISTRY),"5. Conn EE, Stumpf PK. Outlines of Biochemistry. 5th Ed. John Willey & Sons; 1999."
PHARMACEUTICAL CHEMISTRY (BIOCHEMISTRY),6. Lehninger AL. Principles of Biochemistry. 4th Ed. CBS Publisher; 2004.
PHARMACEUTICAL CHEMISTRY (BIOCHEMISTRY),"7. Murray R, Rodwell V, Bender D, Kathleen M, Botham P, Weil A et al. Harper's Illustrated"
PHARMACEUTICAL CHEMISTRY (BIOCHEMISTRY),"8. West ES, Todd RW, Van BTJ. Text Book of Biochemistry. The MacMillan Co; 1996."
PHYSIOLOGY,1. Chatterjee CC. Human Physiology. 9th Ed. Medical Allied Agency; 1994.
PHYSIOLOGY,"2. Cyril A, Neil E, Joels N. Samson Wright’s Applied Physiology. 13th Ed. Oxford University"
PHYSIOLOGY,3. Guyton AC. Text Books of Medical Physiology. 9th Ed. W B Saunders Company; 2011.
PHYSIOLOGY,"4. Kuntzman AJ, Tortora GJ. Anatomy and physiology for the manual therapies. 1st Ed. John"
PHYSIOLOGY,5. Martini F. Fundamentals of anatomy and physiology. 8th Ed. Prentice Hall; 2010.
PHYSIOLOGY,"6. Saladin KS, Miller L. Anatomy & physiology: The Unity of Form and Function. 6th Ed."
PHYSIOLOGY,7. Snell RS. Clinical Anatomy for Medical Students. 1st Ed. Litle Brown & CoInc; 1992.
PHYSIOLOGY,"8. Spence AP, Elliot B, Mason EB. Human Anatomy and Physiology. 3rd Ed. West Publishing"
PHYSIOLOGY,9. Stuart Ira. Human Physiology. 11th Ed. Fox; 2008.
PHYSIOLOGY,"10. Tortora GJ, Derrickson B. Principles of anatomy and physiology. 13th Ed. Wiley; 2010."
PHYSIOLOGY,"11. Widmaier E, Raff H, Strang K. Vander's Human Physiology. 12th Ed. McGraw Hill; 2010."
PHYSIOLOGY,"12. William F, Ganong WF. Review of Medical physiology. 22nd Ed. Prentice Hall"
ANATOMY & HISTOLOGY,"1. Drake RL, Vogl WA, Mitchell AWM. Gray’s Anatomy: Descriptive and Applied."
ANATOMY & HISTOLOGY,2. Grant B. A Method of Anatomy. 9th Ed. Bailliere Tinal and Co Ltd; 1975.
ANATOMY & HISTOLOGY,3. Hamilton WJ. A Textbook of Anatomy. 2nd Ed. Macmillan and Co; 1976.
ANATOMY & HISTOLOGY,"4. Kuntzman AJ, Tortora GJ. Anatomy and physiology for the manual therapies. 1st Ed. John"
ANATOMY & HISTOLOGY,5. Last RJ. Anatomy: Regional and Applied. 11th Ed. J and A Churchill Ltd; 2001.
ANATOMY & HISTOLOGY,"6. Martini F, Ober WC, Garrison CW, Welch K, Hutchings RT. Fundamentals of Anatomy and"
Physiology. 5th Ed. Prentice Hall; 2001.,"7. Moore KL, Dalley AF, Agur AMR. Clinically Oriented Anatomy. 6th Ed. Lipponcott Williams"
Physiology. 5th Ed. Prentice Hall; 2001.,8. Romanes GJ. Cunningham’s Manual of Practical Anatomy. 15th Ed. Oxford University
Physiology. 5th Ed. Prentice Hall; 2001.,"9. Saladin KS, Miller L. Anatomy & physiology: The Unity of Form and Function. 6th Ed."
Physiology. 5th Ed. Prentice Hall; 2001.,10. Snell RS. Clinical Anatomy. 7th Ed. Boston Little Brown and Company; 2003.
Physiology. 5th Ed. Prentice Hall; 2001.,11. Standring S. Gray's anatomy: The Anatomical Basis of Clinical Practice. 40th Ed. Churchill
Physiology. 5th Ed. Prentice Hall; 2001.,"12. Tissues of the body by Legros Clerks. Publisher Oxford at the Clarendon Press, London."
Physiology. 5th Ed. Prentice Hall; 2001.,"13. Tortora GJ, Derrickson B. Principles of anatomy and physiology. 13th Ed. Wiley; 2010."
Physiology. 5th Ed. Prentice Hall; 2001.,1. Cormack HD. Essentials of Histology. 2nd Ed. JB Lippincott Co; 1993.
Physiology. 5th Ed. Prentice Hall; 2001.,2. Hammersen F. Histology: Color atlas of microscopic anatomy. 3rd Ed. Lee & Febijer Co; 1985.
Physiology. 5th Ed. Prentice Hall; 2001.,"3. Hewer EE, Bradbury S. Textbook of Histology for Medical Students. 9th Ed. William"
ISLAMIC STUDIES,1. Bhatia HS. Studies in Islamic Law: Religion and Society. Deep & Deep Publications New
ISLAMIC STUDIES,"2. Hasan A. Principles of Islamic Jurisprudence. Islamic Research Institute, International Islamic"
ISLAMIC STUDIES,"3. Hassan HH. An Introduction to the Study of Islamic Law. Leaf Publication Islamabad,"
ISLAMIC STUDIES,"4. Muhammad HU. Emergence of Islam. IRI, Islamabad."
ISLAMIC STUDIES,5. Muhammad HU. Introduction to Islam. Maulana Muhammad Yousaf Islahi.
ISLAMIC STUDIES,6. Muhammad HU. Muslim Conduct of State.
ISLAMIC STUDIES,7. Waliullah M. Muslim Jrisprudence and the Quranic Law of Crimes. Islamic Book Service;
ISLAMIC STUDIES,"8. Zia-ul-Haq M. Introduction to Al-Sharia Al-Islamia. Allama Iqbal Open University,"
PHARMACEUTICS (DOSAGE FORMS SCIENCE),"1. Allen LV, Popovich NG, Ansel HC. Ansel's Pharmaceutical Dosage Forms and Drug"
PHARMACEUTICS (DOSAGE FORMS SCIENCE),"2. Armstrong NA, James KC. Understanding Experimental Design and Interpretation in"
PHARMACEUTICS (DOSAGE FORMS SCIENCE),3. Aulton ME. Aulton's Pharmaceutics: The Design and Manufacture of Medicines. 3rd Ed.
PHARMACEUTICS (DOSAGE FORMS SCIENCE),4. Bentley AO. Text book of Pharmaceutics. 8th Ed. Macmillan Publishing Co Inc; 1977.
PHARMACEUTICS (DOSAGE FORMS SCIENCE),5. Carstensen JT. Pharmaceutics of Solids and Solid Dosage Forms. 1st Ed. John Wiley & Sons
PHARMACEUTICS (DOSAGE FORMS SCIENCE),6. Davis H. Bentley’s Text book of Pharmaceuticals. 2nd Ed. Tindall and Cox Publishers; 1961.
PHARMACEUTICS (DOSAGE FORMS SCIENCE),7. Dittert LW. Sprowl’s American Pharmacy. 7th Ed. JB Lippincott Co; 1990.
PHARMACEUTICS (DOSAGE FORMS SCIENCE),8. Finlay WH. The Mechanics of Inhaled Pharmaceutical Aerosols: An Introduction. 1st Ed.
PHARMACEUTICS (DOSAGE FORMS SCIENCE),"9. Florence AT, Siepmann J. Moderen Pharmaceutics: Basic Principles and Systems. 5th Ed."
PHARMACEUTICS (DOSAGE FORMS SCIENCE),"10. Ghosh T, Jasti B. Theory and Practice of Contemporary Pharmaceuticals. 1st Ed. CRC Press;"
PHARMACEUTICS (DOSAGE FORMS SCIENCE),"11. Kleemann A, Engel J, Kutscher B, Reichert D. Pharmaceutical Substances: Synthesis, Patents,"
PHARMACEUTICS (DOSAGE FORMS SCIENCE),"12. Lewis GA, Mathieu D, Phan RTL. Pharmaceutical Experimental Design. 1st Ed. Informa"
PHARMACEUTICS (DOSAGE FORMS SCIENCE),13. Lund W. The Pharmaceutical Codex: Principles and Practice of Pharmaceutics. 12th Ed. The
PHARMACEUTICS (DOSAGE FORMS SCIENCE),14. Mehta D. British National Formulary (BNF). 54th Ed. Pharmaceutical Press; 2007.
PHARMACEUTICS (DOSAGE FORMS SCIENCE),15. Rowe RC. Handbook of Pharmaceutical Excipients. 6th Ed. Pharmaceutical Press; 2009.
PHARMACEUTICS (DOSAGE FORMS SCIENCE),"16. Sinko PJ, Martin AN. Martin's physical pharmacy and pharmaceutical sciences: physical"
PHARMACEUTICS (DOSAGE FORMS SCIENCE),"17. Winfield AJ, Richards RME. Pharmaceutical practice. 3rd Ed. Elsevier Health Sciences;"
PHARMACEUTICS (DOSAGE FORMS SCIENCE),18. Zinc G. Remington: The Science and Practice of Pharmacy. 21st Ed. Philadelphia College of
PHARMACEUTICS (PHARM. MICROBIOLOGY & IMMUNOLOGY),"1. Brooks G, Carroll KC, Butel J, Morse S, Mietzner T. Jawetz, Melnick & Adelberg's Medical"
PHARMACEUTICS (PHARM. MICROBIOLOGY & IMMUNOLOGY),"2. Collins CH, Lynes PM, Grange JM, Falkinham JO. Collins & Lyne’s Microbiological"
PHARMACEUTICS (PHARM. MICROBIOLOGY & IMMUNOLOGY),"3. Fraise A, Lambert PA, Maillard JY. Russell, Hugo & Ayliffe's Principles and Practice of"
PHARMACEUTICS (PHARM. MICROBIOLOGY & IMMUNOLOGY),"4. Harvey RA, Champe PC, Fisher BD. Microbiology: Lippincott's Illustrated Reviews Series. 4th"
PHARMACEUTICS (PHARM. MICROBIOLOGY & IMMUNOLOGY),"5. Hugo WB, Russell AD. Pharmaceutical Microbiology. 7th Ed. Black Well Science Ltd; 1998."
PHARMACEUTICS (PHARM. MICROBIOLOGY & IMMUNOLOGY),"6. Hugo WB, Denyer SP, Hodges NA, Gorman SP. Hugo and Russell's pharmaceutical"
PHARMACEUTICS (PHARM. MICROBIOLOGY & IMMUNOLOGY),"7. McKane L, Kandel J. Microbiology: Essentials and Application. 2nd Ed. McGraw Hill Inc;"
PHARMACEUTICS (PHARM. MICROBIOLOGY & IMMUNOLOGY),8. Pelczar MJ. Microbiology. 7th Ed. McGraw Hill Inc; 2007.
PHARMACEUTICS (PHARM. MICROBIOLOGY & IMMUNOLOGY),9. Pommerville JC. Alcamo’s Funtamentals of Microbiology. 9th Ed. John Bartlett Publishers;
PHARMACEUTICS (PHARM. MICROBIOLOGY & IMMUNOLOGY),"10. Singleton P, Sainsbury D. Dictionary of Microbiology and Molecular Biology. 3rd Ed. John"
PHARMACEUTICS (PHARM. MICROBIOLOGY & IMMUNOLOGY),"11. Willey J, Sherwood L, Woolverton C. Prescott's Microbiology. 8th Ed. C Brown Publishers;"
PHARMACOLOGY & THERAPEUTICS,"1. Brunton L, Lazo J, Parker K. Goodman & Gilman’s Pharmacological Basis of Therapeutics."
PHARMACOLOGY & THERAPEUTICS,"2. Chang HM, But PPH, Yao SC, Wang LL, Yeung SCS. Pharmacology and applications of"
PHARMACOLOGY & THERAPEUTICS,3. Ebadi M. Pharmacology. 3rd Ed. Little Brown & Company; 1996.
PHARMACOLOGY & THERAPEUTICS,"4. Harvey RA, Champe PC. Lippincott's Illustrated Reviews: Pharmacology. 4th Ed. Lippincott"
PHARMACOLOGY & THERAPEUTICS,5. Humphrey P. Rang & Dale's Pharmacology. 6th Ed. Churchil Livingstone; 2007.
PHARMACOLOGY & THERAPEUTICS,"6. Katzung BG, Masters SB, Trevor AJ. Basic & Clinical Pharmacology. 11th Ed. McGraw Hill;"
PHARMACOLOGY & THERAPEUTICS,"7. Koda KMA, Young LY, Kradjan WA, Guglielmo BJ, Alldredge BK, Corelli RL. Applied"
PHARMACOLOGY & THERAPEUTICS,8. Laurence DR. Clinical Pharmacology. 8th Ed. ELBS Publishers; 1998.
PHARMACOLOGY & THERAPEUTICS,"9. Ritter JM, Levis LD. A Text Book of Clinical Pharmacology. 5th Ed. Oxford University"
PHARMACOLOGY & THERAPEUTICS,"10. Satorkar RS, Bhandarkar SD. Pharmacology and Pharmacotherapeutics. 19th Ed. Bomby:"
PHARMACOLOGY & THERAPEUTICS,11. Tripathi JD. Essentials of Medical Pharmacology. 6th Ed. Jaypee Brothers; 2008.
PHARMACOLOGY & THERAPEUTICS,"12. Wecker L, Crespo L, Dunaway G, Faingold C, Watts S. Brody's Human Pharmacology. 5th"
PHARMACOGNOSY,1. Anonymous. Monographs of Unani Medicine. Hamdard Foundation Pakistan; 2003.
PHARMACOGNOSY,"2. Baker BM, Bender DA. Vitamins in Medicine. 12th Ed. Academic Press; 1982."
PHARMACOGNOSY,"3. Brain KR, Turner TD. The Practical Evaluation of Phytopharmaceuticals. 1st Ed."
PHARMACOGNOSY,"4. Braun L, Cohen M. Herbs and Natural Supplements: An Evidence Based Guide. 3rd Ed."
PHARMACOGNOSY,5. Chauhan P. Ayurvedic Pharmacognosy. 1st Ed. Sonali Publications; 2007.
PHARMACOGNOSY,"6. Cutler SJ, Cutler HG. Biologically Active Natural Products: Pharmaceuticals. 1st Ed. CRC"
PHARMACOGNOSY,7. Dewick PM. Medicinal Natural Products: A Biosynthetic Approach. 1st Ed. John Wiley &
PHARMACOGNOSY,"8. Evans WC, Trease GE, Evans D. Trease and Evan’s Pharmacognosy. 16th Ed. Elsevier Health"
PHARMACOGNOSY,"9. Forhne D, Pfander HJ. Poisonous Plants: A Hand Book for Doctors, Pharmacists, Toxicologists,"
PHARMACOGNOSY,"10. Harborne JB, Baxter H. The Hand Book of Natural Flavonoids. 2nd Ed. John Willey & Son;"
PHARMACOGNOSY,"11. Jackson BP. Atlas of Microscopy of Medicinal Plants, Culinary Herbs and Spices. 2nd Ed."
PHARMACOGNOSY,12. Khandelwal K. Practical Pharmacognosy. 8th Ed. Nirali Prakashan Publishers; 2008.
PHARMACOGNOSY,13. Lesley Braun and Marc Cohen. Herbs and Natural Supplements: An evidence Based guide. 3rd
PHARMACOGNOSY,14. Lockwood B. Nutraceuticals: A Guide for Healthcare Professionals. 2nd Ed. Pharmaceutical
PHARMACOGNOSY,15. Mannito P. Biosynthesis of Natural Products. John Wiley & Sons; 1981.
PHARMACOGNOSY,16. Manske RHF. Alkaloids: Chemistry and Physiology. Academic Press; 1970.
PHARMACOGNOSY,17. Partab Chauhan. Ayurvedic Pharmacognosy. 1st Ed. Sonali Publications; 2007.
PHARMACOGNOSY,18. Ross IA. Medicinal Plants of the World. 2nd Ed. Humana Press; 2003.
PHARMACOGNOSY,19. Smith AB. Poisonous Plants of All Countries. 2nd Ed. Periodical Expert Book; 1988.
PHARMACOGNOSY,"20. Smith AB. Poisonous Plants of all Countries: With the Active, Chemical Principles Which"
PHARMACOGNOSY,"21. Tyler VE, Brady LR, Robbers JE. Pharmacognosy. 10th Ed. Lea and Febiger; 2001."
PHARMACOGNOSY,22. Wichtl M. Herbal Drugs and Phytopharmaceuticals. 3rd Ed. Medpharm Publishers; 2004.
PHARMACY PRACTICE (PHARMACEUTICAL MATHEMATICS),"1. Bali N, Gupta P, Gandhi C. A Textbook of Pharmaceutical Mathematics. 2nd Ed. Laxmi"
PHARMACY PRACTICE (PHARMACEUTICAL MATHEMATICS),"2. Edvards CH, Penney DE. Calculus and Analytic Geometry. 5th Ed. Prentice Hall Inc; 1999."
PHARMACY PRACTICE (PHARMACEUTICAL MATHEMATICS),"3. Hoel PG, Port SC, Stone CJ. Introduction to Statistical Theory. 1st Ed. Brooks Cole; 1972."
PAKISTAN STUDIES,1. Ansar Z. History & Culture of Sindh. Royal Book Company; 1980.
PAKISTAN STUDIES,2. Aziz KK. Party Politics in Pakistan. Sang-e-Meel Publications; 2007.
PAKISTAN STUDIES,3. Bin SK. The Political System of Pakistan. Houghton Mifflin; 1967.
PAKISTAN STUDIES,"4. Burke SM, Ziring L. Pakistan’s Foreign Policy: A Historical Analysis. Oxford University Press;"
PAKISTAN STUDIES,5. Haq NU. Making of Pakistan: The Military Perspective. National Commission on Historical and
PAKISTAN STUDIES,6. Javed BS. State & Society in Pakistan. The Macmillan Press Ltd; 1980.
PAKISTAN STUDIES,7. Lawrence Z. Pakistan: Enigma of Political Development. Dawson Publishing; 1980.
PAKISTAN STUDIES,8. Rafique AM. Political Parties in Pakistan. 2nd Ed. National Institute of Historical and Cultural
PAKISTAN STUDIES,9. Safdar M. Pakistan Kayyun Toota. Idara-e-Saqafat-e-Islamia;
PAKISTAN STUDIES,10. Safdar M. Pakistan Political Roots & Development. 1st Ed. Oxford University Press; 2003.
PAKISTAN STUDIES,11. Tahir A. Ethno National Movement in Pakistan: Domestic and International Factors. 1st Ed.
PAKISTAN STUDIES,12. Waseem M. Pakistan under Martial Law. 1st Ed. Vanguard Books Ltd; 1987.
PAKISTAN STUDIES,13. Wayne W. The Emergence of Banglades. American Enterprise; 1972.
PAKISTAN STUDIES,14. Zaidi AS. Issue in Pakistan’s Economy. 2nd Ed. Oxford University Press; 2006.
PHARMACY PRACTICE (BIO-STATISTICS),1. Daniel WW. Bio-Statistics: Foundation for Analysis in Health Science. 9th Ed. Wiley
PHARMACY PRACTICE (BIO-STATISTICS),2. Nilton JS. Statistical Methods in Biological and health Sciences. 3rd Ed. McGrew Hill; 1998.
PHARMACY PRACTICE (BIO-STATISTICS),"3. Hoel PG, Port SC, Stone CJ. Introduction to Statistical Theory. 1st Ed. Brooks Cole; 1972."
PHARMACY PRACTICE (BIO-STATISTICS),4. Samuels M. Statistics for the life sciences. 3rd Ed. Dellen Publishers co; 2002.
PHARMACY PRACTICE (BIO-STATISTICS),5. Zar JH. Biostatistical analysis. 4th Ed. Francis Hall; 1999.
PHARMACY PRACTICE (DISPENSING PHARMACY),"1. Armstrong NA, James KC. Understanding experimental design and interpretation in"
PHARMACY PRACTICE (DISPENSING PHARMACY),2. Gennaro AR. Remington: The science and practice of pharmacy. 21st Ed. Lippincott Williams
PHARMACY PRACTICE (DISPENSING PHARMACY),"3. Marriott JF, Wilson KA, Langley CA, Belcher D. Pharmaceutical compounding and"
PHARMACY PRACTICE (DISPENSING PHARMACY),"4. Cooper JW, Gunn C, Carter SJ. Cooper and Gun’s Dispensing for Pharmaceutical Students."
PHARMACY PRACTICE (DISPENSING PHARMACY),5. Lund W. The Pharmaceutical Codex: Principles and practice of pharmaceutics. 16th Ed. Co
PHARMACY PRACTICE (DISPENSING PHARMACY),6. Mehta DK. British national formulary (BNF). 54th Ed. Pharmaceutical Press; 2007.
PHARMACY PRACTICE (DISPENSING PHARMACY),7. Rowe RC. Handbook of pharmaceutical excipients. 6th Ed. Pharmaceutical press; 2009.
PHARMACY PRACTICE (DISPENSING PHARMACY),"8. Winfield AJ, Rees J, Smith I. Pharmaceutical Practice. 4th Ed. Churchill Livingstone; 2009."
PHARMACEUTICAL CHEMISTRY (PHARMACEUTICAL ANALYSIS),"1. Ahuja S, Scypinski S. Handbook of modern pharmaceutical analysis. 2nd Ed. Academic"
PHARMACEUTICAL CHEMISTRY (PHARMACEUTICAL ANALYSIS),"2. Armstrong NA, James KC. Understanding experimental design and interpretation in"
PHARMACEUTICAL CHEMISTRY (PHARMACEUTICAL ANALYSIS),"3. Beckett AH, Stennlake JB. Practical Pharmaceutical Chemistry. 4th Ed. The Aulton Press;"
PHARMACEUTICAL CHEMISTRY (PHARMACEUTICAL ANALYSIS),"4. Braithwaite A, Smith FJ. Chromatographic Methods. 5th Ed. Chapman and Hall; 1995."
PHARMACEUTICAL CHEMISTRY (PHARMACEUTICAL ANALYSIS),5. Brittain HG. Spectroscopy of pharmaceutical solids. 1st Ed. Taylor & Francis; 2006.
PHARMACEUTICAL CHEMISTRY (PHARMACEUTICAL ANALYSIS),"6. Hamilton R, Sewell PA. Introduction to HPLC. 1st Ed. Chapman & Hall; 1982."
PHARMACEUTICAL CHEMISTRY (PHARMACEUTICAL ANALYSIS),7. Heftmann E. Chromatography. 6th Ed. Von Nostrond Reinheld Co; 2004.
PHARMACEUTICAL CHEMISTRY (PHARMACEUTICAL ANALYSIS),"8. Kazakevich Y, LoBrutto R. HPLC for pharmaceutical scientists. 1st Ed. John Wiley and Sons;"
PHARMACEUTICAL CHEMISTRY (PHARMACEUTICAL ANALYSIS),9. Kemp W. Organic Spectroscopy. 3rd Ed. Ellsi Horwood; 2008.
PHARMACEUTICAL CHEMISTRY (PHARMACEUTICAL ANALYSIS),"10. Knevel AM, Digangi FE. Jenkin’s quantitative Pharmaceutical Chemistry. 7th Ed. McGraw"
PHARMACEUTICAL CHEMISTRY (PHARMACEUTICAL ANALYSIS),"11. Lough WJ, Wainer WI. High Performance Liquid Chromatography. 1st Ed. Blacki"
PHARMACEUTICAL CHEMISTRY (PHARMACEUTICAL ANALYSIS),"12. Moffat AC, Osselton DM, Widdop B. Clarke’s Analysis of Drugs and Poisons. 4th Ed."
PHARMACEUTICAL CHEMISTRY (PHARMACEUTICAL ANALYSIS),"13. Pryde A, Gilbert MJ. Applications of High Performance Liquid Chromatography. 1st Ed."
PHARMACEUTICAL CHEMISTRY (PHARMACEUTICAL ANALYSIS),"14. Snyder LR, Kirkland JJ, Dolan JW. Introduction to modern liquid chromatography. 3rd Ed."
PHARMACEUTICAL CHEMISTRY (PHARMACEUTICAL ANALYSIS),15. Stahl E. Thin Layer Chromatography. 2nd Ed. Berlin: Springer Verlag; 1969.
PHARMACEUTICAL CHEMISTRY (PHARMACEUTICAL ANALYSIS),"16. Williams DH, Fleming I. Spectroscopic methods in organic chemistry. 6th Ed. McGraw Hill;"
PATHOLOGY,"1. Dipiro J, Talbert RL, Yee G, Matzke G, Wells B, Michael PL. Pharmacotherapy: A"
PATHOLOGY,"2. Greene RJ, Harris ND. Pathology and therapeutics for pharmacists. 3rd Ed. Pharmaceutical"
PATHOLOGY,"3. Kumar V, Cotran RS, Robbins SL. Robbin’s Basic Pathology. 8th Ed. W. B. Saunders"
PATHOLOGY,"4. Macfarlane PS, Reid R, Collander R. Pathology Illustrated. 5th Ed. Churchill Livingstone;"
PATHOLOGY,5. Walter GB. Walters and Israel General Pathology. 7th Ed. Churchill Livingstone; 1996.
PATHOLOGY,"1. Allen LV, Popovich NG, Ansel HC. Ansel's Pharmaceutical Dosage Forms and Drug"
PATHOLOGY,"2. Armstrong NA, James KC. Understanding Experimental Design and Interpretation in"
PATHOLOGY,"3. Cooper JW, Gunn C, Carter SJ. Cooper and Gun’s Dispensing for Pharmaceutical Students."
PATHOLOGY,"4. Desselle SP, Zgarrick DP. Pharmacy Management: Essentials for all Practice Settings. 2nd Ed."
PATHOLOGY,5. Gennaro AR. Remington: The science and Practice of Pharmacy. 21st Ed. Lippincott Williams
PATHOLOGY,6. Lund W. The pharmaceutical Codex: Principles and Practice of Pharmaceutics. 16th Ed. Co.
PATHOLOGY,"7. Marriott JF, Wilson KA, Langley CA, Belcher D. Pharmaceutical Compounding and"
PATHOLOGY,"8. Martindale W, Westcoot W. Martindale: The Complete Drug Reference. 1st Ed."
PATHOLOGY,9. Mehta DK. British National Formulary (BNF). 54th Ed. Pharmaceutical Press; 2007.
PATHOLOGY,"10. O'Donohue WT, Levensky ER. Promoting Treatment Adherence: A practical handbook for"
PATHOLOGY,11. Osol A. Remington’s Pharmaceutical Sciences. 17th Ed. Mack Publishing Company; 2001.
PATHOLOGY,"12. Spivey RN, Wertheimer AI, Donald RT. International pharmaceutical services: The Drug"
PATHOLOGY,13. Robertson R. Management of Drug Users in the Community: A practical Handbook. 1st Ed.
PATHOLOGY,14. Rowe RC. Handbook of Pharmaceutical Excipients. 6th Ed. Pharmaceutical Press; 2009.
PATHOLOGY,15. Saha GB. Fundamentals of Nuclear Pharmacy. 6th Ed. Springer Verlag; 2010.
PATHOLOGY,"16. Desselle SP, Zgarrick DP. Pharmacy management: Essentials for all practice settings. 2nd Ed."
PATHOLOGY,"17. Spivey RN, Wertheimer AI, Donald RT. International Pharmaceutical Services: The Drug"
PATHOLOGY,"18. Martindale W, Westcoot W. Martindale: The Extra Pharmacopeia. 31st Ed. Pharmaceutical"
PATHOLOGY,"19. O'Donohue WT , Levensky ER. Promoting treatment adherence: A practical handbook for"
PATHOLOGY,"20. Winfield AJ, Rees J, Smith I. Pharmaceutical Practice. 4th Ed. Churchill Livingstone; 2009."
PATHOLOGY,1. Dennis N. Programmer's Guide to MS-DOS. 2nd Ed. BradyGames; 1987.
PATHOLOGY,2. Elias M. System Analysis and design. 2nd Ed. Award Galgotia Publications; 1985.
PATHOLOGY,"3. Norton P, Clark S. Peter Norton's Complete Guide to DOS 6.22. 1st Ed. Sams Publishers;"
PATHOLOGY,"4. Norton P, Clark S. Peter Norton's New Inside the PC. 1st Ed. Sams Publishers; 2002."
PHARMACY PRACTICE (HOSPITAL PHARMACY),1. Bukhari NI. Hospital Pharmacy. 1st Ed. Aziz Book Depot; 2000.
PHARMACY PRACTICE (HOSPITAL PHARMACY),2. Hassan W. Hospital Pharmacy. 5th Ed. Lee & Febiger; 1986.
PHARMACY PRACTICE (HOSPITAL PHARMACY),3. Stephen M. Hospital Pharmacy. 2nd Ed. Pharmaceutical Press; 2001.
PHARMACY PRACTICE (CLINICAL PHARMACY),1. DiPiro JT. Encyclopedia of Clinical Pharmacy. 1st Ed. Informa Healthcare; 2002.
PHARMACY PRACTICE (CLINICAL PHARMACY),"2. DiPiro JT. Pharmacotherapy, A Pathophysiologic Approach. McGraw Hill Companies, South"
PHARMACY PRACTICE (CLINICAL PHARMACY),3. Gennaro AR. Remington: The science and practice of pharmacy. 21st Ed. Lippincott Williams
PHARMACY PRACTICE (CLINICAL PHARMACY),4. Gourley H. Clinical Pharmacy & Therapeutics. 4th Ed. William& Willkins; 1992.
PHARMACY PRACTICE (CLINICAL PHARMACY),"5. Greene RJ, Harris ND. Pathology and therapeutics for pharmacists. Pharmaceutical Press;"
PHARMACY PRACTICE (CLINICAL PHARMACY),"6. Hansen K, Parthasarathi G. Text Book of Clinical Pharmacy. 2nd Ed. Orient Blackswan; 2008."
PHARMACY PRACTICE (CLINICAL PHARMACY),"7. Hansten P, Horn J. Drug interactions Analysis and Management. 5th Ed. Lippincott Williams"
PHARMACY PRACTICE (CLINICAL PHARMACY),"8. Koda-Kimble MA, Young LY, Kradjan WA, Guglielmo BJ, Alldredge BK, Corelli RL. Applied"
PHARMACY PRACTICE (CLINICAL PHARMACY),9. Paul G. A Behavioral Approach to Pharmacy Practice. 1st Ed. Black Well; 2000.
PHARMACY PRACTICE (CLINICAL PHARMACY),10. Rantucci MJ. Pharmacist Talking with Patients: A Guide to Patient Counseling. 2nd Ed.
PHARMACY PRACTICE (CLINICAL PHARMACY),"11. Ritschel WA, Kearns GL. Handbook of Basic Pharmacokinetics: Including Clinical"
PHARMACY PRACTICE (CLINICAL PHARMACY),"12. Robinson M, Cook S. Clinical Trials: Risk Management. 3rd Ed. Churchill Levingstone;"
PHARMACY PRACTICE (CLINICAL PHARMACY),"13. Rosenbaun D. Clinical Research Coordinator Hand Book. 4th Ed. Sarrison, Inc; 2001."
PHARMACY PRACTICE (CLINICAL PHARMACY),"14. Smith GDG, Aronson JK. Oxford Text Book of Clinical Pharmacology and Drug Therapy."
PHARMACY PRACTICE (CLINICAL PHARMACY),15. Sweetman S. Martindale: The complete drug reference. 37th Ed. Pharmaceutical Press. 2011.
PHARMACY PRACTICE (CLINICAL PHARMACY),"16. Taylor K, Harding G. Pharmacy Practice. 1st Ed. CRC Press; 2001."
PHARMACY PRACTICE (CLINICAL PHARMACY),17. Unschuld PU. Medicine in China: a history of ideas. 2nd Ed. Univ of California Press; 2010.
PHARMACY PRACTICE (CLINICAL PHARMACY),18. Walker R. Clinical Pharmacy & Therapeutics. 4th Ed. Churchill Levingstone; 2003.
PHARMACY PRACTICE (CLINICAL PHARMACY),"19. Winfield AJ, Rees J, Smith I. Pharmaceutical practice. 4th Ed. Churchill Livingstone; 2009."
PHARMACY PRACTICE (CLINICAL PHARMACY),20. Winter ME. Basic Clinical Pharmacokinetics. 5th Ed. Lippincott Williams & Wilkins; 2009.
PHARMACY PRACTICE (CLINICAL PHARMACY),21. Zinc G. Remington: The Science and Practice of Pharmacy. Philadelphia College of
PHARMACEUTICS (INDUSTRIAL PHARMACY),"1. Allen LV, Popovich NG. Ansel's pharmaceutical dosage forms and drug delivery"
PHARMACEUTICS (INDUSTRIAL PHARMACY),"2. Armstrong NA, James KC. Understanding experimental design and interpretation in"
PHARMACEUTICS (INDUSTRIAL PHARMACY),3. Osol A. Remington’s Pharmaceutical Sciences. 21st Ed. Mack Publishing Company;
PHARMACEUTICS (INDUSTRIAL PHARMACY),4. Aulton ME. Aulton's pharmaceutics: the design and manufacture of medicines. 3rd Ed.
PHARMACEUTICS (INDUSTRIAL PHARMACY),"5. Cooper JW, Gunn C, Carter SJ. Cooper and Gunn’s Tutorial Pharmacy. 6th Ed. CBS"
PHARMACEUTICS (INDUSTRIAL PHARMACY),6. Davis H. Bentley’s Text Book of Pharmaceutics. 2nd Ed. Tindall and Cox Publishers;
PHARMACEUTICS (INDUSTRIAL PHARMACY),7. Dukes MNG. The Law and Ethics of the Pharmaceutical Industry. 1st Ed. Elsevier
PHARMACEUTICS (INDUSTRIAL PHARMACY),8. Gambardella A. Science and innovation: The US pharmaceutical industry during the 1980.
PHARMACEUTICS (INDUSTRIAL PHARMACY),9. Gennaro AR. Remington: The Science and Practice of Pharmacy. 21st Ed. Lippincott
PHARMACEUTICS (INDUSTRIAL PHARMACY),"10. Ghosh TK, Jasti BR. Theory and practice of contemporary pharmaceutics. 1st Ed. CRC"
PHARMACEUTICS (INDUSTRIAL PHARMACY),"11. Lachman L, Lieberman HA, Kanig JL. Theory and Practice of Industrial Pharmacy. 3rd"
PHARMACEUTICS (INDUSTRIAL PHARMACY),"12. Lewis GA, Mathieu D, Phan RTL. Pharmaceutical Experimental Design. 1st Ed. Informa"
PHARMACEUTICS (INDUSTRIAL PHARMACY),"13. Martindale W, Westcoot W. Martindale's Extra Pharmacopoeia. 1st Ed. Pharmaceutical"
PHARMACEUTICS (INDUSTRIAL PHARMACY),14. Sharp J. Good Pharmaceutical Manufacturing Practice. 6th Ed. Rational and
PHARMACEUTICS (INDUSTRIAL PHARMACY),"15. Sinko PJ, Martin AN. Martin's physical pharmacy and pharmaceutical sciences:"
PHARMACEUTICS (INDUSTRIAL PHARMACY),16. Watt PR. Tablet Machine Instrumentation in Pharmaceutics: principles and practice. 2nd
PHARMACEUTICS (INDUSTRIAL PHARMACY),"17. Winfield AJ, Richards RME. Pharmaceutical practice. 3rd Ed. Elsevier Health Sciences;"
PHARMACEUTICS (BIOPHARMACEUTICS & PHARMCOKINETICS),"1. Armstrong NA, James KC. Understanding experimental design and interpretation in"
PHARMACEUTICS (BIOPHARMACEUTICS & PHARMCOKINETICS),"2. Augustijns P, Brewster M. Solvent systems and their selection in pharmaceutics and"
PHARMACEUTICS (BIOPHARMACEUTICS & PHARMCOKINETICS),"3. Curry SH, Whelpton R. Drug disposition and pharmacokinetics. Wiley Publishers; 2010."
PHARMACEUTICS (BIOPHARMACEUTICS & PHARMCOKINETICS),4. Gibaldi M. Biopharmaceutics and Clinical Pharmacokinetics. 4th Ed. Marcel & Dakker
PHARMACEUTICS (BIOPHARMACEUTICS & PHARMCOKINETICS),5. Gibbson and Skett. Introduction to Drug Metabolism. 3rd Ed. Champ & Hall; 2001.
PHARMACEUTICS (BIOPHARMACEUTICS & PHARMCOKINETICS),"6. Krishna R, Yu L. Biopharmaceutics applications in drug development. 2nd Ed. Springer"
PHARMACEUTICS (BIOPHARMACEUTICS & PHARMCOKINETICS),"7. Lewis GA, Mathieu D, Phan RTL. Pharmaceutical Experimental Design. 1st Ed. Informa"
PHARMACEUTICS (BIOPHARMACEUTICS & PHARMCOKINETICS),8. Li AP. In vitro approaches for evaluation of drug efficacy and toxicity. 2nd Ed. CRC
PHARMACEUTICS (BIOPHARMACEUTICS & PHARMCOKINETICS),"9. Macheras P, Iliadis A. Modeling in biopharmaceutics, pharmacokinetics, and"
PHARMACEUTICS (BIOPHARMACEUTICS & PHARMCOKINETICS),"10. Macheras P, Reppas C, Dressman JB. Biopharmaceutics of Orally Administered Drugs."
PHARMACEUTICS (BIOPHARMACEUTICS & PHARMCOKINETICS),11. Niazi S. Text Book of Biopharmaceutics & Clinical Pharmacokinetics. 2nd Ed. Appleton
PHARMACEUTICS (BIOPHARMACEUTICS & PHARMCOKINETICS),12. Notari RE. Biopharmaceutics and Clinical Pharmacokinetics. 4th Ed. Marcel & Dakker
PHARMACEUTICS (BIOPHARMACEUTICS & PHARMCOKINETICS),"13. Rouland M, Tozer TN. Clinical Pharmacokinetics. 1st Ed. William & Willkins; 1995."
PHARMACEUTICS (BIOPHARMACEUTICS & PHARMCOKINETICS),14. Schoenwald RD. Pharmacokinetics in drug discovery and Development. 1st Ed. CRC
PHARMACEUTICS (BIOPHARMACEUTICS & PHARMCOKINETICS),15. Shargel L. Applied Pharmacokinetics and Biopharmaceutics. 5th Ed. Appleton & Lange;
PHARMACEUTICS (BIOPHARMACEUTICS & PHARMCOKINETICS),16. Sinko P. Martin's Physical Pharmacy & Pharmaceutical Sciences: Physical chemical and
PHARMACEUTICS (BIOPHARMACEUTICS & PHARMCOKINETICS),"17. Wilson CG, Washington N. Physiological Pharmaceutics: Biological Barriers to Drug"
PHARMACEUTICS (BIOPHARMACEUTICS & PHARMCOKINETICS),"18. Yacobi A, Skelly JP. Toxicokinetics and New Drug Development. 1st Ed. Paramount"
PHARMACEUTICS (PHARMCEUTICAL QUALITY MANAGEMENT),"1. Ahuja S, Scypinski S. Handbook of modern pharmaceutical analysis. 2nd Ed. Academic"
PHARMACEUTICS (PHARMCEUTICAL QUALITY MANAGEMENT),"2. Armstrong NA, James KC. Understanding experimental design and interpretation in"
PHARMACEUTICS (PHARMCEUTICAL QUALITY MANAGEMENT),"3. Baertschi SW, Alsante KM, Reed RA. Pharmaceutical stress testing: predicting drug"
PHARMACEUTICS (PHARMCEUTICAL QUALITY MANAGEMENT),"4. Beckett AH, Stennlake JB. Practical Pharmaceutical Chemistry. 4th Ed. The Alton Press;"
PHARMACEUTICS (PHARMCEUTICAL QUALITY MANAGEMENT),"5. Bismuth G, Neumann S. Cleaning Validation: A practical Approach. 1st Ed. CRC Press;"
PHARMACEUTICS (PHARMCEUTICAL QUALITY MANAGEMENT),"6. Braithwaite A, Smith FJ. Chromatographic Methods. 2nd Ed. Co CBS; 2009."
PHARMACEUTICS (PHARMCEUTICAL QUALITY MANAGEMENT),7. Braun RD. Introduction to Instrumental Analysis. 1st Ed. McGraw Hill; 1987.
PHARMACEUTICS (PHARMCEUTICAL QUALITY MANAGEMENT),8. Bryant R. The pharmaceutical Quality Control Hand Book. 2nd Ed. Aster Publishing
PHARMACEUTICS (PHARMCEUTICAL QUALITY MANAGEMENT),"9. Carstersen JT, Rhodes CT. Drug Stability: Principles and Practices. 3rd Ed. Marcel Dekker;"
PHARMACEUTICS (PHARMCEUTICAL QUALITY MANAGEMENT),10. Christian GD. Analytical Chemistry. 6th Ed. John Wiley and Sons; 2003.
PHARMACEUTICS (PHARMCEUTICAL QUALITY MANAGEMENT),11. Connors KA. A Text Book of Pharmaceutical Analysis. 3rd Ed. John-Wiley and Sons;
PHARMACEUTICS (PHARMCEUTICAL QUALITY MANAGEMENT),"12. Javaid KA. Pharmaceutical Quality Assurance in Class, Industry and Market. 1st Ed."
PHARMACEUTICS (PHARMCEUTICAL QUALITY MANAGEMENT),"13. Knevel AM, Digangi FE, Bryn SR. Quantitative Pharmaceutical Chemistry. 1st Ed."
PHARMACEUTICS (PHARMCEUTICAL QUALITY MANAGEMENT),"14. Lewis GA, Mathieu D, Phan RTL. Pharmaceutical Experimental Design. 1st Ed. Informa"
PHARMACEUTICS (PHARMCEUTICAL QUALITY MANAGEMENT),15. Lund W. The Pharmaceutical Codex: Principles and practice of pharmaceutics. 16th Ed. Co
PHARMACEUTICS (PHARMCEUTICAL QUALITY MANAGEMENT),16. Mehta DK. British National Formulary (BNF). 54th Ed. Pharmaceutical Press; 2007.
PHARMACEUTICS (PHARMCEUTICAL QUALITY MANAGEMENT),17. Willig SH. Good Manufacturing Practices for Pharmaceuticals. 5th Ed. Marcel Dekker
PHARMACEUTICS (PHARMACEUTICAL TECHNOLOGY),"1. Allen LV, Popovich NG, Ansel HC. Ansel's pharmaceutical dosage forms and drug"
PHARMACEUTICS (PHARMACEUTICAL TECHNOLOGY),2. Hellery AM. Drug delivery and targeting. 13th Ed. Taylor & Francis; 2001.
PHARMACEUTICS (PHARMACEUTICAL TECHNOLOGY),"3. Armstrong NA, James KC. Understanding experimental design and interpretation in"
PHARMACEUTICS (PHARMACEUTICAL TECHNOLOGY),"4. Rahman AU, Iqbal CM. Bioassay techniques for drug development. 1st Ed. Informa"
PHARMACEUTICS (PHARMACEUTICAL TECHNOLOGY),5. Aulton ME. Pharmaceutics: Science of Dosage Forms Design. 2nd Ed. Churchill
PHARMACEUTICS (PHARMACEUTICAL TECHNOLOGY),"6. Banker GS, Rhodes C. Modern Pharmaceutics. 4th Ed. Informa Healthcare; 2002."
PHARMACEUTICS (PHARMACEUTICAL TECHNOLOGY),7. Jain NK. Controlled and Novel Drug Delivery. 2nd Ed. CBS Publishers & Distributers;
PHARMACEUTICS (PHARMACEUTICAL TECHNOLOGY),8. Bontempo JA. Development of Biopharmaceutical Parenteral Dosage Forms. 1st Ed.
PHARMACEUTICS (PHARMACEUTICAL TECHNOLOGY),9. Joseph R. Robinson Controlled Drug Delivery. 2nd Ed. Marcel & Dekker Inc; 1992.
PHARMACEUTICS (PHARMACEUTICAL TECHNOLOGY),"10. Lewis GA, Mathieu D, Phan RTL. Pharmaceutical experimental design. 1st Ed. Informa"
PHARMACEUTICS (PHARMACEUTICAL TECHNOLOGY),11. Lund W. The pharmaceutical Codex: principles and practice of pharmaceutics. 16th Ed. Co
PHARMACEUTICS (PHARMACEUTICAL TECHNOLOGY),12. Mehta DK. British National Formulary (BNF). 54th Ed. Pharmaceutical Press; 2007.
PHARMACEUTICS (PHARMACEUTICAL TECHNOLOGY),"13. Rathbone MJ, Hadgraft J, Roberts MS, Lane ME. Modified Release Drug Delivery"
PHARMACEUTICS (PHARMACEUTICAL TECHNOLOGY),14. Ramabhadran TV. Pharmaceutical design and development: A molecular Biology
PHARMACY PRACTICE (FORENSIC PHARMACY),1. Control of Narcotics Substances Act; 1997.
PHARMACY PRACTICE (FORENSIC PHARMACY),2. Hussain RZ. The Manual of Drug Laws in Pakistan. Irfan Law Book House; 2003.
PHARMACY PRACTICE (FORENSIC PHARMACY),"3. Kokate CK, Gokhale SB. Textbook of Forensic Pharmacy. 5th Ed. Edward Arnold; 1959."
PHARMACY PRACTICE (FORENSIC PHARMACY),4. Shop and Establishment Ordinance; 1969.
PHARMACY PRACTICE (FORENSIC PHARMACY),5. The Factory Law; 1934.
PHARMACY PRACTICE (FORENSIC PHARMACY),6. The Pharmacy Act; 1967.
PHARMACY PRACTICE (FORENSIC PHARMACY),7. The Poisons Act; 1919.
PHARMACY PRACTICE (FORENSIC PHARMACY),"1. Ahmad M, Bukhari NI. Pharmaceutical Management and Marketing. 1st Ed. Tariq"
PHARMACY PRACTICE (FORENSIC PHARMACY),2. Harry SA. Principles & Methods of Pharmacy Management. 3rd Ed. Lea & Febiger;
PHARMACY PRACTICE (FORENSIC PHARMACY),"3. Herta MA, Herbert HW, Jeans TP. Effective Business Communication. 8th Ed. 2009."
PHARMACY PRACTICE (FORENSIC PHARMACY),"4. Lidstone J, MacLennan J. Marketing planning for the pharmaceutical industry. 2nd Ed."
PHARMACY PRACTICE (FORENSIC PHARMACY),"5. Patrick TC, Pedro LJ. Pharmacy Management for students and practitioners. 2nd Ed."
PHARMACEUTICAL CHEMISTRY (MEDICINAL CHEMISTRY),1. Burger A. Medicinal Chemistry. 6th Ed. Jhon Willey & Sons; 2003.
PHARMACEUTICAL CHEMISTRY (MEDICINAL CHEMISTRY),"2. Block GH, Roche EB, Soine TO, Wilson. Inorganic and Medicinal Pharmaceutical"
PHARMACEUTICAL CHEMISTRY (MEDICINAL CHEMISTRY),"3. Block JH, Beale JM. Wilson and Gisvold's textbook of organic medicinal and"
PHARMACEUTICAL CHEMISTRY (MEDICINAL CHEMISTRY),4. Burger A. Medicinal Chemistry. 6th Ed. Jhon Willey & Sons; 2003.
PHARMACEUTICAL CHEMISTRY (MEDICINAL CHEMISTRY),5. Foye WO. Principles of Medicinal Chemistry. 6th Ed. Verghese Publising House; 2008.
PHARMACEUTICAL CHEMISTRY (MEDICINAL CHEMISTRY),6. Gennaro AR. Remington: The science and practice of pharmacy. 21st Ed. Lippincott
PHARMACEUTICAL CHEMISTRY (MEDICINAL CHEMISTRY),"7. Tyagi OD, Yadav M. Textbook of Synthetic Drugs. 3rd Ed. Anmol Publications; 2004."
PHARMACEUTICAL CHEMISTRY (MEDICINAL CHEMISTRY),1. The up-dated curriculum of Doctor of Pharmacy program after the approval from Pharmacy
PHARMACEUTICAL CHEMISTRY (MEDICINAL CHEMISTRY),2. The revised curricula shall be adopted from the 2012 session.
PHARMACEUTICAL CHEMISTRY (MEDICINAL CHEMISTRY),3. Violation in adoption of the approved curriculum shall be liable to penalty under section 17
PHARMACEUTICAL CHEMISTRY (MEDICINAL CHEMISTRY),"4. No omission and changes are allowed in the said curriculum approved by PCP and HEC, by"
PHARMACEUTICAL CHEMISTRY (MEDICINAL CHEMISTRY),5. Doctor of Pharmacy degree holders will be allowed for direct admission in M.S. /M. Phil
